datetime,time,weekday,what,where,with_whom,mood
2022-10-25 13:30:00,13:30:00,Tuesday,Personal care,Home apartment /room,Alone,游때
2022-10-25 13:00:00,13:00:00,Tuesday,Personal care,Home apartment /room,Alone,游때
2022-10-25 12:30:00,12:30:00,Tuesday,Travelling,Changing locality,By bus/tram,NaN
2022-10-25 12:00:00,12:00:00,Tuesday,Other,Other university place,Alone,游때
2022-10-25 11:30:00,11:30:00,Tuesday,Other,Other university place,Alone,游때
2022-10-25 11:00:00,11:00:00,Tuesday,Other,Other university place,Alone,游뗵
2022-10-25 10:30:00,10:30:00,Tuesday,Other,Other university place,Roommate(s),游때
2022-10-25 10:00:00,10:00:00,Tuesday,Other,Other university place,Roommate(s),游뗵
2022-10-25 09:30:00,09:30:00,Tuesday,Other,Other university place,Roommate(s),游뗵
2022-10-25 09:00:00,09:00:00,Tuesday,Travelling,Other leisure,By bus/tram,NaN
2022-10-25 08:30:00,08:30:00,Tuesday,Personal care,Home apartment /room,Alone,游때
2022-10-25 08:00:00,08:00:00,Tuesday,Personal care,Home apartment /room,Alone,游때
2022-10-25 07:30:00,07:30:00,Tuesday,Personal care,Home apartment /room,Alone,游때
2022-10-25 07:00:00,07:00:00,Tuesday,Personal care,Home apartment /room,Alone,游때
2022-10-25 06:30:00,06:30:00,Tuesday,Personal care,Home apartment /room,Alone,游때
2022-10-25 06:00:00,06:00:00,Tuesday,Personal care,Home apartment /room,Alone,游때
2022-10-25 05:30:00,05:30:00,Tuesday,Personal care,Home apartment /room,Alone,游때
2022-10-25 05:00:00,05:00:00,Tuesday,Personal care,Home apartment /room,Alone,游때
2022-10-25 04:30:00,04:30:00,Tuesday,Personal care,Home apartment /room,Alone,游때
2022-10-25 04:00:00,04:00:00,Tuesday,Personal care,Home apartment /room,Alone,游때
2022-10-25 03:30:00,03:30:00,Tuesday,Personal care,Home apartment /room,Alone,游때
2022-10-25 03:00:00,03:00:00,Tuesday,Personal care,Home apartment /room,Alone,游때
2022-10-25 02:30:00,02:30:00,Tuesday,Personal care,Home apartment /room,Alone,游때
2022-10-25 02:00:00,02:00:00,Tuesday,Personal care,Home apartment /room,Alone,游때
2022-10-25 01:30:00,01:30:00,Tuesday,Personal care,Home apartment /room,Alone,游때
2022-10-25 01:00:00,01:00:00,Tuesday,Personal care,Home apartment /room,Alone,游때
2022-10-25 00:30:00,00:30:00,Tuesday,Personal care,Home apartment /room,Friend(s),游때
2022-10-25 00:00:00,00:00:00,Tuesday,Personal care,Home apartment /room,Alone,游때
2022-10-24 23:30:00,23:30:00,Monday,Social life,In the street,Friend(s),游때
2022-10-24 23:00:00,23:00:00,Monday,Social life,Home apartment /room,Friend(s),游때
2022-10-24 22:30:00,22:30:00,Monday,Social life,"Caf칠, pub, bar",Friend(s),游때
2022-10-24 22:00:00,22:00:00,Monday,Social life,"Caf칠, pub, bar",Friend(s),游때
2022-10-24 21:30:00,21:30:00,Monday,Social life,"Caf칠, pub, bar",Friend(s),游때
2022-10-24 21:00:00,21:00:00,Monday,Social life,Home apartment /room,Classmate(s),游때
2022-10-24 20:30:00,20:30:00,Monday,Social life,"Caf칠, pub, bar",Classmate(s),游때
2022-10-24 20:00:00,20:00:00,Monday,Social life,"Caf칠, pub, bar",Classmate(s),游때
2022-10-24 19:30:00,19:30:00,Monday,Social life,"Caf칠, pub, bar",Classmate(s),游때
2022-10-24 19:00:00,19:00:00,Monday,Social life,"Caf칠, pub, bar",Classmate(s),游때
2022-10-24 18:30:00,18:30:00,Monday,Social life,"Caf칠, pub, bar",Classmate(s),游때
2022-10-24 17:30:00,17:30:00,Monday,Lecture/seminar/conference/university meeting,Classroom / Study hall,Alone,游때
2022-10-24 17:00:00,17:00:00,Monday,Walking,In the street,Alone,游때
2022-10-24 16:30:00,16:30:00,Monday,Walking,Home apartment /room,Alone,游때
2022-10-24 16:00:00,16:00:00,Monday,Personal care,Home apartment /room,Alone,游때
2022-10-24 15:30:00,15:30:00,Monday,Social media (Facebook Instagram etc.),Home apartment /room,Alone,游때
2022-10-24 15:00:00,15:00:00,Monday,Social media (Facebook Instagram etc.),Home apartment /room,Alone,游때
2022-10-24 14:30:00,14:30:00,Monday,"Watching TV, video, YouTube, etc.",Home apartment /room,Alone,游때
2022-10-24 14:00:00,14:00:00,Monday,Rest/nap,Home apartment /room,Alone,游때
2022-10-24 13:30:00,13:30:00,Monday,Rest/nap,Home apartment /room,Alone,游때
2022-10-24 13:00:00,13:00:00,Monday,Household and family care,Home apartment /room,Alone,游때
2022-10-24 12:30:00,12:30:00,Monday,Household and family care,Home apartment /room,Alone,游때
2022-10-24 12:00:00,12:00:00,Monday,"Cooking, food preparation & management",Home apartment /room,Alone,游때
2022-10-24 11:30:00,11:30:00,Monday,"Cooking, food preparation & management",Home apartment /room,Alone,游때
2022-10-24 11:00:00,11:00:00,Monday,Rest/nap,Home apartment /room,Alone,游때
2022-10-24 10:30:00,10:30:00,Monday,Personal care,"Gym, swimming pool, Sports centre...",Alone,游때
2022-10-24 10:00:00,10:00:00,Monday,Personal care,"Gym, swimming pool, Sports centre...",Alone,游때
2022-10-24 09:30:00,09:30:00,Monday,Personal care,"Gym, swimming pool, Sports centre...",Alone,游때
2022-10-24 09:00:00,09:00:00,Monday,Personal care,"Gym, swimming pool, Sports centre...",Alone,游때
2022-10-24 08:30:00,08:30:00,Monday,Walking,In the street,Alone,游때
2022-10-24 08:00:00,08:00:00,Monday,Personal care,Home apartment /room,Alone,游때
2022-10-24 07:30:00,07:30:00,Monday,Personal care,Home apartment /room,Alone,游때
2022-10-24 07:00:00,07:00:00,Monday,Sleeping,Home apartment /room,Alone,游때
2022-10-24 06:30:00,06:30:00,Monday,Sleeping,Home apartment /room,Alone,游때
2022-10-24 06:00:00,06:00:00,Monday,Sleeping,Home apartment /room,Alone,游때
2022-10-24 05:30:00,05:30:00,Monday,Sleeping,Home apartment /room,Alone,游때
2022-10-24 05:00:00,05:00:00,Monday,Sleeping,Home apartment /room,Alone,游때
2022-10-24 04:30:00,04:30:00,Monday,Sleeping,Home apartment /room,Alone,游때
2022-10-24 04:00:00,04:00:00,Monday,Sleeping,Home apartment /room,Alone,游때
2022-10-24 03:30:00,03:30:00,Monday,Sleeping,Home apartment /room,Alone,游때
2022-10-24 03:00:00,03:00:00,Monday,Sleeping,Home apartment /room,Alone,游때
2022-10-24 02:30:00,02:30:00,Monday,Sleeping,Home apartment /room,Alone,游때
2022-10-24 02:00:00,02:00:00,Monday,Sleeping,Home apartment /room,Alone,游때
2022-10-24 01:30:00,01:30:00,Monday,Sleeping,Home apartment /room,Alone,游때
2022-10-24 01:00:00,01:00:00,Monday,Sleeping,Home apartment /room,Alone,游때
2022-10-24 00:30:00,00:30:00,Monday,Sleeping,Home apartment /room,Alone,游때
2022-10-24 00:00:00,00:00:00,Monday,Sleeping,Home apartment /room,Alone,游때
2022-10-23 23:30:00,23:30:00,Sunday,Sleeping,Home apartment /room,Alone,游때
2022-10-23 23:00:00,23:00:00,Sunday,Sleeping,Home apartment /room,Alone,游때
2022-10-23 22:30:00,22:30:00,Sunday,Social life,Home apartment /room,Roommate(s),游때
2022-10-23 22:00:00,22:00:00,Sunday,"Watching TV, video, YouTube, etc.",Home apartment /room,Alone,游때
2022-10-23 21:30:00,21:30:00,Sunday,Personal care,Home apartment /room,Alone,游때
2022-10-23 21:00:00,21:00:00,Sunday,Personal care,Home apartment /room,Alone,游때
2022-10-23 20:30:00,20:30:00,Sunday,Phone/Video calling,Home apartment /room,Alone,游때
2022-10-23 20:00:00,20:00:00,Sunday,Phone/Video calling,Home apartment /room,Alone,游때
2022-10-23 19:30:00,19:30:00,Sunday,Personal care,Home apartment /room,Alone,游때
2022-10-23 19:00:00,19:00:00,Sunday,Social media (Facebook Instagram etc.),Home apartment /room,Alone,游때
2022-10-23 18:30:00,18:30:00,Sunday,Study/work group,Home apartment /room,Alone,游때
2022-10-23 18:00:00,18:00:00,Sunday,Study/work group,Home apartment /room,Alone,游때
2022-10-23 17:30:00,17:30:00,Sunday,Study/work group,Home apartment /room,Alone,游때
2022-10-23 17:00:00,17:00:00,Sunday,"Watching TV, video, YouTube, etc.",Home apartment /room,Alone,游때
2022-10-23 16:30:00,16:30:00,Sunday,Study/work group,Home apartment /room,Alone,游때
2022-10-23 16:00:00,16:00:00,Sunday,Study/work group,Home apartment /room,Alone,游때
2022-10-23 15:30:00,15:30:00,Sunday,"Watching TV, video, YouTube, etc.",Home apartment /room,Alone,游때
2022-10-23 15:00:00,15:00:00,Sunday,"Watching TV, video, YouTube, etc.",Home apartment /room,Alone,游때
2022-10-23 14:30:00,14:30:00,Sunday,Reading,Home apartment /room,Alone,游때
2022-10-23 14:00:00,14:00:00,Sunday,Reading,Home apartment /room,Alone,游때
2022-10-23 13:30:00,13:30:00,Sunday,Social media (Facebook Instagram etc.),Home apartment /room,Alone,游때
2022-10-23 13:00:00,13:00:00,Sunday,Household and family care,Home apartment /room,Alone,游때
2022-10-23 12:30:00,12:30:00,Sunday,Household and family care,Home apartment /room,Alone,游때
2022-10-23 12:00:00,12:00:00,Sunday,"Cooking, food preparation & management",Home apartment /room,Alone,游때
2022-10-23 11:30:00,11:30:00,Sunday,Grocery Shopping,Grocery Shop,Alone,游때
2022-10-23 11:00:00,11:00:00,Sunday,Grocery Shopping,Grocery Shop,Alone,游때
2022-10-23 10:30:00,10:30:00,Sunday,Travelling,Shopping and services,By bus/tram,NaN
2022-10-23 10:00:00,10:00:00,Sunday,Personal care,Home apartment /room,Alone,游때
2022-10-23 09:30:00,09:30:00,Sunday,Personal care,Home apartment /room,Alone,游때
2022-10-23 09:00:00,09:00:00,Sunday,Personal care,Home apartment /room,Alone,游때
2022-10-23 08:30:00,08:30:00,Sunday,Personal care,Home apartment /room,Alone,游때
2022-10-23 08:00:00,08:00:00,Sunday,Personal care,Home apartment /room,Alone,游때
2022-10-23 07:30:00,07:30:00,Sunday,Personal care,Home apartment /room,Alone,游때
2022-10-23 07:00:00,07:00:00,Sunday,Personal care,Home apartment /room,Alone,游때
2022-10-23 06:30:00,06:30:00,Sunday,Sleeping,Home apartment /room,Alone,游때
2022-10-23 06:00:00,06:00:00,Sunday,Sleeping,Home apartment /room,Alone,游때
2022-10-23 05:30:00,05:30:00,Sunday,Sleeping,Home apartment /room,Alone,游때
2022-10-23 05:00:00,05:00:00,Sunday,Sleeping,Home apartment /room,Alone,游때
2022-10-23 04:30:00,04:30:00,Sunday,Sleeping,Home apartment /room,Alone,游때
2022-10-23 04:00:00,04:00:00,Sunday,Sleeping,Home apartment /room,Alone,游때
2022-10-23 03:30:00,03:30:00,Sunday,Sleeping,Home apartment /room,Alone,游때
2022-10-23 03:00:00,03:00:00,Sunday,Sleeping,Home apartment /room,Alone,游때
2022-10-23 02:30:00,02:30:00,Sunday,Sleeping,Home apartment /room,Alone,游때
2022-10-23 02:00:00,02:00:00,Sunday,Sleeping,Home apartment /room,Alone,游때
2022-10-23 01:30:00,01:30:00,Sunday,Sleeping,Home apartment /room,Alone,游때
2022-10-23 01:00:00,01:00:00,Sunday,Sleeping,Home apartment /room,Alone,游때
2022-10-23 00:30:00,00:30:00,Sunday,Sleeping,Home apartment /room,Alone,游때
2022-10-23 00:00:00,00:00:00,Sunday,Sleeping,Home apartment /room,Alone,游때
2022-10-22 23:30:00,23:30:00,Saturday,Sleeping,Home apartment /room,Alone,游때
2022-10-22 23:00:00,23:00:00,Saturday,Social media (Facebook Instagram etc.),Home apartment /room,Alone,游때
2022-10-22 22:30:00,22:30:00,Saturday,Did not do anything special,Home apartment /room,Alone,游때
2022-10-22 22:00:00,22:00:00,Saturday,"Watching TV, video, YouTube, etc.",Home apartment /room,Alone,游때
2022-10-22 21:30:00,21:30:00,Saturday,Social life,Home apartment /room,Roommate(s),游때
2022-10-22 21:00:00,21:00:00,Saturday,Household and family care,Home apartment /room,Alone,游때
2022-10-22 20:30:00,20:30:00,Saturday,Phone/Video calling,Home apartment /room,Relative(s),游때
2022-10-22 20:00:00,20:00:00,Saturday,Phone/Video calling,Home apartment /room,Relative(s),游때
2022-10-22 19:30:00,19:30:00,Saturday,"Cooking, food preparation & management",Home apartment /room,Alone,游때
2022-10-22 19:00:00,19:00:00,Saturday,Personal care,Home apartment /room,Alone,游때
2022-10-22 18:30:00,18:30:00,Saturday,Study/work group,Home apartment /room,Alone,游때
2022-10-22 18:00:00,18:00:00,Saturday,Study/work group,Home apartment /room,Alone,游때
2022-10-22 17:30:00,17:30:00,Saturday,Study/work group,Home apartment /room,Alone,游때
2022-10-22 17:00:00,17:00:00,Saturday,Study/work group,Home apartment /room,Alone,游때
2022-10-22 16:30:00,16:30:00,Saturday,Personal care,Home apartment /room,Alone,游때
2022-10-22 16:00:00,16:00:00,Saturday,Personal care,Home apartment /room,Alone,游때
2022-10-22 15:30:00,15:30:00,Saturday,"Watching TV, video, YouTube, etc.",Home apartment /room,Alone,游때
2022-10-22 15:00:00,15:00:00,Saturday,"Watching TV, video, YouTube, etc.",Home apartment /room,Alone,游때
2022-10-22 14:30:00,14:30:00,Saturday,Sleeping,Home apartment /room,Alone,游때
2022-10-22 14:00:00,14:00:00,Saturday,Sleeping,Home apartment /room,Alone,游때
2022-10-22 13:30:00,13:30:00,Saturday,"Watching TV, video, YouTube, etc.",Home apartment /room,Alone,游때
2022-10-22 13:00:00,13:00:00,Saturday,Household and family care,Home apartment /room,Roommate(s),游때
2022-10-22 12:30:00,12:30:00,Saturday,Household and family care,Home apartment /room,Roommate(s),游때
2022-10-22 12:00:00,12:00:00,Saturday,"Cooking, food preparation & management",Home apartment /room,Roommate(s),游때
2022-10-22 11:30:00,11:30:00,Saturday,Rest/nap,Home apartment /room,Roommate(s),游때
2022-10-22 11:00:00,11:00:00,Saturday,Household and family care,Home apartment /room,Roommate(s),游때
2022-10-22 10:30:00,10:30:00,Saturday,Household and family care,Home apartment /room,Roommate(s),游때
2022-10-22 10:00:00,10:00:00,Saturday,Household and family care,Home apartment /room,Roommate(s),游때
2022-10-22 09:30:00,09:30:00,Saturday,Social life,Home apartment /room,Roommate(s),游때
2022-10-22 09:00:00,09:00:00,Saturday,Social life,Home apartment /room,Roommate(s),游때
2022-10-22 08:30:00,08:30:00,Saturday,Social media (Facebook Instagram etc.),Home apartment /room,Alone,游때
2022-10-22 08:00:00,08:00:00,Saturday,Sleeping,Home apartment /room,Alone,游때
2022-10-22 07:30:00,07:30:00,Saturday,Sleeping,Home apartment /room,Alone,游때
2022-10-22 07:00:00,07:00:00,Saturday,Sleeping,Home apartment /room,Alone,游때
2022-10-22 06:30:00,06:30:00,Saturday,Sleeping,Home apartment /room,Alone,游때
2022-10-22 06:00:00,06:00:00,Saturday,Sleeping,Home apartment /room,Alone,游때
2022-10-22 05:30:00,05:30:00,Saturday,Sleeping,Home apartment /room,Alone,游때
2022-10-22 05:00:00,05:00:00,Saturday,Sleeping,Home apartment /room,Alone,游때
2022-10-22 04:30:00,04:30:00,Saturday,Sleeping,Home apartment /room,Alone,游때
2022-10-22 04:00:00,04:00:00,Saturday,Sleeping,Home apartment /room,Alone,游때
2022-10-22 03:30:00,03:30:00,Saturday,Sleeping,Home apartment /room,Alone,游때
2022-10-22 03:00:00,03:00:00,Saturday,Sleeping,Home apartment /room,Alone,游때
2022-10-22 02:30:00,02:30:00,Saturday,Sleeping,Home apartment /room,Alone,游때
2022-10-22 02:00:00,02:00:00,Saturday,Sleeping,Home apartment /room,Alone,游때
2022-10-22 01:30:00,01:30:00,Saturday,Sleeping,Home apartment /room,Alone,游때
2022-10-22 01:00:00,01:00:00,Saturday,Sleeping,Home apartment /room,Alone,游때
2022-10-22 00:30:00,00:30:00,Saturday,Sleeping,Home apartment /room,Alone,游때
2022-10-22 00:00:00,00:00:00,Saturday,Sleeping,Home apartment /room,Alone,游때
2022-10-21 23:30:00,23:30:00,Friday,Sleeping,Home apartment /room,Alone,游때
2022-10-21 23:00:00,23:00:00,Friday,Sleeping,Home apartment /room,Alone,游때
2022-10-21 22:30:00,22:30:00,Friday,Sleeping,Home apartment /room,Alone,游때
2022-10-21 22:00:00,22:00:00,Friday,Reading,Home apartment /room,Alone,游때
2022-10-21 21:30:00,21:30:00,Friday,Reading,Home apartment /room,Alone,游때
2022-10-21 21:00:00,21:00:00,Friday,Reading,Home apartment /room,Alone,游때
2022-10-21 20:30:00,20:30:00,Friday,Phone/Video calling,Home apartment /room,Relative(s),游때
2022-10-21 20:00:00,20:00:00,Friday,Walking,In the street,Friend(s),游때
2022-10-21 19:30:00,19:30:00,Friday,Walking,In the street,Friend(s),游때
2022-10-21 19:00:00,19:00:00,Friday,Social life,"Caf칠, pub, bar",Friend(s),游때
2022-10-21 18:30:00,18:30:00,Friday,Social life,In the street,Friend(s),游때
2022-10-21 18:00:00,18:00:00,Friday,Lecture/seminar/conference/university meeting,Classroom / Study hall,Classmate(s),游뗵
2022-10-21 17:30:00,17:30:00,Friday,Lecture/seminar/conference/university meeting,Classroom / Study hall,Classmate(s),游때
2022-10-21 17:00:00,17:00:00,Friday,Lecture/seminar/conference/university meeting,Classroom / Study hall,Classmate(s),游때
2022-10-21 16:30:00,16:30:00,Friday,Lecture/seminar/conference/university meeting,Home apartment /room,Classmate(s),游때
2022-10-21 16:00:00,16:00:00,Friday,Travelling,Study,By bus/tram,NaN
2022-10-21 15:30:00,15:30:00,Friday,Social media (Facebook Instagram etc.),Home apartment /room,Alone,游때
2022-10-21 15:00:00,15:00:00,Friday,Social media (Facebook Instagram etc.),Home apartment /room,Alone,游때
2022-10-21 14:30:00,14:30:00,Friday,Social media (Facebook Instagram etc.),Home apartment /room,Alone,游때
2022-10-21 14:00:00,14:00:00,Friday,Social media (Facebook Instagram etc.),Home apartment /room,Alone,游때
2022-10-21 13:30:00,13:30:00,Friday,Social media (Facebook Instagram etc.),Home apartment /room,Alone,游때
2022-10-21 13:00:00,13:00:00,Friday,Social media (Facebook Instagram etc.),Home apartment /room,Alone,游때
2022-10-21 12:30:00,12:30:00,Friday,Social media (Facebook Instagram etc.),Home apartment /room,Alone,游때
2022-10-21 12:00:00,12:00:00,Friday,"Cooking, food preparation & management",Home apartment /room,Alone,游때
2022-10-21 11:30:00,11:30:00,Friday,"Watching TV, video, YouTube, etc.",Home apartment /room,Alone,游때
2022-10-21 11:00:00,11:00:00,Friday,Rest/nap,Home apartment /room,Alone,游때
2022-10-21 10:30:00,10:30:00,Friday,Walking,In the street,Alone,游때
2022-10-21 10:00:00,10:00:00,Friday,Personal care,"Gym, swimming pool, Sports centre...",Alone,游때
2022-10-21 09:30:00,09:30:00,Friday,Personal care,"Gym, swimming pool, Sports centre...",Alone,游때
2022-10-21 09:00:00,09:00:00,Friday,Personal care,"Gym, swimming pool, Sports centre...",Alone,游때
2022-10-21 08:30:00,08:30:00,Friday,Personal care,Home apartment /room,Alone,游때
2022-10-21 08:00:00,08:00:00,Friday,Personal care,Home apartment /room,Alone,游때
2022-10-21 07:30:00,07:30:00,Friday,Personal care,Home apartment /room,Alone,游때
2022-10-21 07:00:00,07:00:00,Friday,Personal care,Home apartment /room,Alone,游때
2022-10-21 06:30:00,06:30:00,Friday,Personal care,Home apartment /room,Alone,游때
2022-10-21 06:00:00,06:00:00,Friday,Personal care,Home apartment /room,Alone,游때
2022-10-21 05:30:00,05:30:00,Friday,Personal care,Home apartment /room,Alone,游때
2022-10-21 05:00:00,05:00:00,Friday,Personal care,Home apartment /room,Alone,游때
2022-10-21 04:30:00,04:30:00,Friday,Personal care,Home apartment /room,Alone,游때
2022-10-21 04:00:00,04:00:00,Friday,Personal care,Home apartment /room,Alone,游때
2022-10-21 03:30:00,03:30:00,Friday,Personal care,Home apartment /room,Alone,游때
2022-10-21 03:00:00,03:00:00,Friday,Personal care,Home apartment /room,Alone,游때
2022-10-21 02:30:00,02:30:00,Friday,Personal care,Home apartment /room,Alone,游때
2022-10-21 02:00:00,02:00:00,Friday,Personal care,Home apartment /room,Alone,游때
2022-10-21 01:30:00,01:30:00,Friday,Personal care,Home apartment /room,Alone,游때
2022-10-21 01:00:00,01:00:00,Friday,Personal care,Home apartment /room,Alone,游때
2022-10-21 00:30:00,00:30:00,Friday,Personal care,Home apartment /room,Alone,游때
2022-10-21 00:00:00,00:00:00,Friday,Personal care,Home apartment /room,Alone,游때
2022-10-20 23:30:00,23:30:00,Thursday,Personal care,Home apartment /room,Alone,游때
2022-10-20 23:00:00,23:00:00,Thursday,Personal care,Home apartment /room,Alone,游때
2022-10-20 22:30:00,22:30:00,Thursday,Social media (Facebook Instagram etc.),Home apartment /room,Alone,游때
2022-10-20 22:00:00,22:00:00,Thursday,Phone/Video calling,Home apartment /room,Partner,游때
2022-10-20 21:30:00,21:30:00,Thursday,Phone/Video calling,Home apartment /room,Partner,游때
2022-10-20 21:00:00,21:00:00,Thursday,Social life,Home apartment /room,Roommate(s),游때
2022-10-20 20:30:00,20:30:00,Thursday,Social life,Home apartment /room,Roommate(s),游때
2022-10-20 20:00:00,20:00:00,Thursday,Travelling,Changing locality,By bus/tram,NaN
2022-10-20 19:30:00,19:30:00,Thursday,Lecture/seminar/conference/university meeting,Classroom / Study hall,Classmate(s),游뗵
2022-10-20 19:00:00,19:00:00,Thursday,Lecture/seminar/conference/university meeting,Classroom / Study hall,Classmate(s),游때
2022-10-20 18:30:00,18:30:00,Thursday,Lecture/seminar/conference/university meeting,Classroom / Study hall,Classmate(s),游때
2022-10-20 18:00:00,18:00:00,Thursday,Lecture/seminar/conference/university meeting,Classroom / Study hall,Classmate(s),游때
2022-10-20 17:30:00,17:30:00,Thursday,Lecture/seminar/conference/university meeting,Classroom / Study hall,Classmate(s),游때
2022-10-20 17:00:00,17:00:00,Thursday,Lecture/seminar/conference/university meeting,Classroom / Study hall,Classmate(s),游때
2022-10-20 16:30:00,16:30:00,Thursday,Lecture/seminar/conference/university meeting,Classroom / Study hall,Classmate(s),游때
2022-10-20 16:00:00,16:00:00,Thursday,Study/work group,Classroom / Study hall,Classmate(s),游때
2022-10-20 15:30:00,15:30:00,Thursday,Study/work group,Classroom / Study hall,Friend(s),游때
2022-10-20 15:00:00,15:00:00,Thursday,Study/work group,Classroom / Study hall,Friend(s),游때
2022-10-20 14:30:00,14:30:00,Thursday,Sleeping,Home apartment /room,Alone,游때
2022-10-20 14:00:00,14:00:00,Thursday,Rest/nap,Home apartment /room,Alone,游뗵
2022-10-20 13:30:00,13:30:00,Thursday,Personal care,Home apartment /room,Alone,游때
2022-10-20 13:00:00,13:00:00,Thursday,Personal care,Home apartment /room,Alone,游때
2022-10-20 12:30:00,12:30:00,Thursday,Personal care,Home apartment /room,Alone,游때
2022-10-20 12:00:00,12:00:00,Thursday,Lecture/seminar/conference/university meeting,Home apartment /room,Alone,游뗵
2022-10-20 11:30:00,11:30:00,Thursday,Lecture/seminar/conference/university meeting,Home apartment /room,Alone,游때
2022-10-20 11:00:00,11:00:00,Thursday,"Surfed or seeking, reading information via Internet",Home apartment /room,Alone,游뗵
2022-10-20 10:30:00,10:30:00,Thursday,"Surfed or seeking, reading information via Internet",Home apartment /room,Alone,游때
2022-10-20 10:00:00,10:00:00,Thursday,Other,Home apartment /room,Alone,游때
2022-10-20 09:30:00,09:30:00,Thursday,Personal care,Home apartment /room,Alone,游뗵
2022-10-20 09:00:00,09:00:00,Thursday,Personal care,Home apartment /room,Alone,游때
2022-10-20 08:30:00,08:30:00,Thursday,Personal care,Home apartment /room,Alone,游때
2022-10-20 08:00:00,08:00:00,Thursday,Social media (Facebook Instagram etc.),Home apartment /room,Alone,游때
2022-10-20 07:30:00,07:30:00,Thursday,Sleeping,Home apartment /room,Alone,游때
2022-10-20 07:00:00,07:00:00,Thursday,Sleeping,Home apartment /room,Alone,游때
2022-10-20 06:30:00,06:30:00,Thursday,Sleeping,Home apartment /room,Alone,游때
2022-10-20 06:00:00,06:00:00,Thursday,Sleeping,Home apartment /room,Alone,游때
2022-10-20 05:30:00,05:30:00,Thursday,Sleeping,Home apartment /room,Alone,游때
2022-10-20 05:00:00,05:00:00,Thursday,Sleeping,Home apartment /room,Alone,游때
2022-10-20 04:30:00,04:30:00,Thursday,Sleeping,Home apartment /room,Alone,游때
2022-10-20 04:00:00,04:00:00,Thursday,Sleeping,Home apartment /room,Alone,游때
2022-10-20 03:30:00,03:30:00,Thursday,Sleeping,Home apartment /room,Alone,游때
2022-10-20 03:00:00,03:00:00,Thursday,Sleeping,Home apartment /room,Alone,游때
2022-10-20 02:30:00,02:30:00,Thursday,Sleeping,Home apartment /room,Alone,游때
2022-10-20 02:00:00,02:00:00,Thursday,Sleeping,Home apartment /room,Alone,游때
2022-10-20 01:30:00,01:30:00,Thursday,Sleeping,Home apartment /room,Alone,游때
2022-10-20 01:00:00,01:00:00,Thursday,Sleeping,Home apartment /room,Alone,游때
2022-10-20 00:30:00,00:30:00,Thursday,Sleeping,Home apartment /room,Alone,游때
2022-10-20 00:00:00,00:00:00,Thursday,Sleeping,Home apartment /room,Alone,游때
2022-10-19 23:30:00,23:30:00,Wednesday,Sleeping,Home apartment /room,Alone,游때
2022-10-19 23:00:00,23:00:00,Wednesday,Social media (Facebook Instagram etc.),Home apartment /room,Alone,游때
2022-10-19 22:30:00,22:30:00,Wednesday,Phone/Video calling,Home apartment /room,Partner,游뗵
2022-10-19 22:00:00,22:00:00,Wednesday,Social life,Home apartment /room,Roommate(s),游뗵
2022-10-19 21:30:00,21:30:00,Wednesday,Social life,Home apartment /room,Roommate(s),游때
2022-10-19 21:00:00,21:00:00,Wednesday,Social life,Home apartment /room,Roommate(s),游때
2022-10-19 20:30:00,20:30:00,Wednesday,Social life,Home apartment /room,Roommate(s),游때
2022-10-19 20:00:00,20:00:00,Wednesday,Social life,Home apartment /room,Roommate(s),游때
2022-10-19 19:30:00,19:30:00,Wednesday,Travelling,Changing locality,By bus/tram,NaN
2022-10-19 19:00:00,19:00:00,Wednesday,Lecture/seminar/conference/university meeting,Classroom / Study hall,Friend(s),游뗵
2022-10-19 18:30:00,18:30:00,Wednesday,Lecture/seminar/conference/university meeting,Classroom / Study hall,Friend(s),游뗵
2022-10-19 18:00:00,18:00:00,Wednesday,Lecture/seminar/conference/university meeting,Classroom / Study hall,Friend(s),游때
2022-10-19 17:30:00,17:30:00,Wednesday,Study/work group,Classroom / Study hall,Friend(s),游뗵
2022-10-19 17:00:00,17:00:00,Wednesday,Study/work group,Classroom / Study hall,Friend(s),游뗵
2022-10-19 16:30:00,16:30:00,Wednesday,Lecture/seminar/conference/university meeting,Classroom / Study hall,Classmate(s),游뗵
2022-10-19 16:00:00,16:00:00,Wednesday,Lecture/seminar/conference/university meeting,Classroom / Study hall,Classmate(s),游뗵
2022-10-19 15:30:00,15:30:00,Wednesday,Lecture/seminar/conference/university meeting,Classroom / Study hall,Classmate(s),游뗵
2022-10-19 15:00:00,15:00:00,Wednesday,Lecture/seminar/conference/university meeting,Classroom / Study hall,Classmate(s),游뗵
2022-10-19 14:30:00,14:30:00,Wednesday,Lecture/seminar/conference/university meeting,Home apartment /room,Classmate(s),游뗵
2022-10-19 14:00:00,14:00:00,Wednesday,Personal care,Home apartment /room,Alone,游때
2022-10-19 13:30:00,13:30:00,Wednesday,Rest/nap,Home apartment /room,Alone,游뗵
2022-10-19 13:00:00,13:00:00,Wednesday,Rest/nap,Home apartment /room,Alone,游때
2022-10-19 12:30:00,12:30:00,Wednesday,Rest/nap,Home apartment /room,Alone,游때
2022-10-19 12:00:00,12:00:00,Wednesday,Travelling,Changing locality,By bus/tram,NaN
2022-10-19 11:30:00,11:30:00,Wednesday,Walking,In the street,Friend(s),游뗵
2022-10-19 11:00:00,11:00:00,Wednesday,Lecture/seminar/conference/university meeting,Classroom / Study hall,Classmate(s),游뗵
2022-10-19 10:30:00,10:30:00,Wednesday,Lecture/seminar/conference/university meeting,Classroom / Study hall,Classmate(s),游뗵
2022-10-19 10:00:00,10:00:00,Wednesday,Lecture/seminar/conference/university meeting,Classroom / Study hall,Classmate(s),游뗵
2022-10-19 09:30:00,09:30:00,Wednesday,Lecture/seminar/conference/university meeting,Classroom / Study hall,Classmate(s),游뗵
2022-10-19 09:00:00,09:00:00,Wednesday,Walking,Classroom / Study hall,Classmate(s),游때
2022-10-19 08:30:00,08:30:00,Wednesday,Travelling,Study,By bus/tram,NaN
2022-10-19 08:00:00,08:00:00,Wednesday,Travelling,Study,By bus/tram,NaN
2022-10-19 07:30:00,07:30:00,Wednesday,Travelling,Study,By bus/tram,NaN
2022-10-19 07:00:00,07:00:00,Wednesday,Travelling,Study,By bus/tram,NaN
2022-10-19 06:30:00,06:30:00,Wednesday,Travelling,Study,By bus/tram,NaN
2022-10-19 06:00:00,06:00:00,Wednesday,Travelling,Study,By bus/tram,NaN
2022-10-19 05:30:00,05:30:00,Wednesday,Travelling,Study,By bus/tram,NaN
2022-10-19 05:00:00,05:00:00,Wednesday,Travelling,Study,By bus/tram,NaN
2022-10-19 04:30:00,04:30:00,Wednesday,Travelling,Study,By bus/tram,NaN
2022-10-19 04:00:00,04:00:00,Wednesday,Travelling,Study,By bus/tram,NaN
2022-10-19 03:30:00,03:30:00,Wednesday,Travelling,Study,By bus/tram,NaN
2022-10-19 03:00:00,03:00:00,Wednesday,Travelling,Study,By bus/tram,NaN
2022-10-19 02:30:00,02:30:00,Wednesday,Travelling,Study,By bus/tram,NaN
2022-10-19 02:00:00,02:00:00,Wednesday,Travelling,Study,By bus/tram,NaN
2022-10-19 01:30:00,01:30:00,Wednesday,Travelling,Study,By bus/tram,NaN
2022-10-19 01:00:00,01:00:00,Wednesday,Travelling,Study,By bus/tram,NaN
2022-10-19 00:30:00,00:30:00,Wednesday,Travelling,Study,By bus/tram,NaN
2022-10-19 00:00:00,00:00:00,Wednesday,Travelling,Study,By bus/tram,NaN
2022-10-18 23:30:00,23:30:00,Tuesday,Travelling,Study,By bus/tram,NaN
2022-10-18 23:00:00,23:00:00,Tuesday,Travelling,Study,By bus/tram,NaN
2022-10-18 22:30:00,22:30:00,Tuesday,Social media (Facebook Instagram etc.),Home apartment /room,Roommate(s),游뗵
2022-10-18 22:00:00,22:00:00,Tuesday,Social media (Facebook Instagram etc.),Home apartment /room,Roommate(s),游때
2022-10-18 21:30:00,21:30:00,Tuesday,Personal care,Home apartment /room,Alone,游때
2022-10-18 21:00:00,21:00:00,Tuesday,Personal care,Home apartment /room,Alone,游때
2022-10-18 20:30:00,20:30:00,Tuesday,Phone/Video calling,Home apartment /room,Relative(s),游뗵
2022-10-18 20:00:00,20:00:00,Tuesday,Phone/Video calling,Home apartment /room,Relative(s),游뗵
2022-10-18 19:30:00,19:30:00,Tuesday,Social media (Facebook Instagram etc.),Home apartment /room,Alone,游뗵
2022-10-18 14:30:00,14:30:00,Tuesday,Social media (Facebook Instagram etc.),Home apartment /room,Alone,游뗵
2022-10-18 14:00:00,14:00:00,Tuesday,Social media (Facebook Instagram etc.),Home apartment /room,Alone,游뗵
2022-10-18 13:30:00,13:30:00,Tuesday,Social life,"Caf칠, pub, bar",Friend(s),游때
2022-10-18 13:00:00,13:00:00,Tuesday,Social life,"Caf칠, pub, bar",Friend(s),游때
2022-10-18 12:30:00,12:30:00,Tuesday,Social life,"Caf칠, pub, bar",Friend(s),游때
2022-10-18 12:00:00,12:00:00,Tuesday,Travelling,Changing locality,On foot,NaN
2022-10-18 11:30:00,11:30:00,Tuesday,Study/work group,University Library,Alone,游때
2022-10-18 11:00:00,11:00:00,Tuesday,Study/work group,University Library,Alone,游때
2022-10-18 10:30:00,10:30:00,Tuesday,Study/work group,University Library,Alone,游뗵
2022-10-18 10:00:00,10:00:00,Tuesday,Study/work group,University Library,Alone,游뗵
2022-10-18 09:30:00,09:30:00,Tuesday,Study/work group,University Library,Alone,游뗵
2022-10-18 09:00:00,09:00:00,Tuesday,Study/work group,University Library,Alone,游뗵
2022-10-18 08:30:00,08:30:00,Tuesday,Travelling,Study,On foot,NaN
2022-10-18 08:00:00,08:00:00,Tuesday,Travelling,Study,On foot,NaN
2022-10-18 07:30:00,07:30:00,Tuesday,Travelling,Study,On foot,NaN
2022-10-18 07:00:00,07:00:00,Tuesday,Travelling,Study,On foot,NaN
2022-10-18 06:30:00,06:30:00,Tuesday,Travelling,Study,On foot,NaN
2022-10-18 06:00:00,06:00:00,Tuesday,Travelling,Study,On foot,NaN
2022-10-18 05:30:00,05:30:00,Tuesday,Travelling,Study,On foot,NaN
2022-10-18 05:00:00,05:00:00,Tuesday,Travelling,Study,On foot,NaN
2022-10-18 04:30:00,04:30:00,Tuesday,Travelling,Study,On foot,NaN
2022-10-18 04:00:00,04:00:00,Tuesday,Travelling,Study,On foot,NaN
2022-10-18 03:30:00,03:30:00,Tuesday,Travelling,Study,On foot,NaN
2022-10-18 03:00:00,03:00:00,Tuesday,Travelling,Study,On foot,NaN
2022-10-18 02:30:00,02:30:00,Tuesday,Travelling,Study,On foot,NaN
2022-10-18 02:00:00,02:00:00,Tuesday,Travelling,Study,On foot,NaN
2022-10-18 01:30:00,01:30:00,Tuesday,Travelling,Study,On foot,NaN
2022-10-18 01:00:00,01:00:00,Tuesday,Travelling,Study,On foot,NaN
2022-10-18 00:30:00,00:30:00,Tuesday,Travelling,Study,On foot,NaN
2022-10-18 00:00:00,00:00:00,Tuesday,Travelling,Study,On foot,NaN
2022-10-17 23:30:00,23:30:00,Monday,Travelling,Study,On foot,NaN
2022-10-17 23:00:00,23:00:00,Monday,Travelling,Study,On foot,NaN
2022-10-17 22:30:00,22:30:00,Monday,Social media (Facebook Instagram etc.),Home apartment /room,Alone,游땛
2022-10-17 22:00:00,22:00:00,Monday,Reading,Home apartment /room,Friend(s),游뗵
2022-10-17 21:30:00,21:30:00,Monday,Reading,Home apartment /room,Alone,游뗵
2022-10-17 21:00:00,21:00:00,Monday,"Watching TV, video, YouTube, etc.",Home apartment /room,Alone,游뗵
2022-10-17 20:30:00,20:30:00,Monday,"Watching TV, video, YouTube, etc.",Home apartment /room,Alone,游뗵
2022-10-17 20:00:00,20:00:00,Monday,"Watching TV, video, YouTube, etc.",Home apartment /room,Alone,游뗵
2022-10-17 19:30:00,19:30:00,Monday,"Watching TV, video, YouTube, etc.",Home apartment /room,Alone,游뗵
2022-10-17 19:00:00,19:00:00,Monday,"Watching TV, video, YouTube, etc.",Home apartment /room,Alone,游뗵
2022-10-17 18:30:00,18:30:00,Monday,"Watching TV, video, YouTube, etc.",Home apartment /room,Alone,游뗵
2022-10-17 18:00:00,18:00:00,Monday,Study/work group,Classroom / Study hall,Classmate(s),游뗵
2022-10-17 17:30:00,17:30:00,Monday,Study/work group,Classroom / Study hall,Friend(s),游때
2022-10-17 17:00:00,17:00:00,Monday,Travelling,Study,By bus/tram,NaN
2022-10-17 16:30:00,16:30:00,Monday,Walking,In the street,Alone,游때
2022-10-17 16:00:00,16:00:00,Monday,Personal care,Home apartment /room,Alone,游뗵
2022-10-17 15:30:00,15:30:00,Monday,"Watching TV, video, YouTube, etc.",Home apartment /room,Alone,游때
2022-10-17 15:00:00,15:00:00,Monday,Rest/nap,Home apartment /room,Alone,游때
2022-10-17 14:30:00,14:30:00,Monday,Sleeping,Home apartment /room,Alone,游때
2022-10-17 14:00:00,14:00:00,Monday,Sleeping,Home apartment /room,Alone,游때
2022-10-17 13:30:00,13:30:00,Monday,Social media (Facebook Instagram etc.),Home apartment /room,Alone,游뗵
2022-10-17 13:00:00,13:00:00,Monday,Social media (Facebook Instagram etc.),Home apartment /room,Alone,游뗵
2022-10-17 12:30:00,12:30:00,Monday,Social media (Facebook Instagram etc.),Home apartment /room,Alone,游뗵
2022-10-17 12:00:00,12:00:00,Monday,"Cooking, food preparation & management",Home apartment /room,Alone,游뗵
2022-10-17 11:30:00,11:30:00,Monday,"Cooking, food preparation & management",Home apartment /room,Alone,游뗵
2022-10-17 11:00:00,11:00:00,Monday,"Cooking, food preparation & management",Home apartment /room,Alone,游뗵
2022-10-17 10:30:00,10:30:00,Monday,Study/work group,Home apartment /room,Alone,游뗵
2022-10-17 10:00:00,10:00:00,Monday,Study/work group,Home apartment /room,Alone,游뗵
2022-10-17 09:30:00,09:30:00,Monday,Study/work group,Home apartment /room,Alone,游뗵
2022-10-17 09:00:00,09:00:00,Monday,Personal care,Home apartment /room,Alone,游뗵
2022-10-17 08:30:00,08:30:00,Monday,Personal care,Home apartment /room,Alone,游뗵
2022-10-17 08:00:00,08:00:00,Monday,"Cooking, food preparation & management",Home apartment /room,Alone,游뗵
2022-10-17 07:30:00,07:30:00,Monday,Social media (Facebook Instagram etc.),Home apartment /room,Alone,游뗵
2022-10-17 07:00:00,07:00:00,Monday,Social media (Facebook Instagram etc.),Home apartment /room,Alone,游뗵
2022-10-17 06:30:00,06:30:00,Monday,Social media (Facebook Instagram etc.),Home apartment /room,Alone,游뗵
2022-10-17 06:00:00,06:00:00,Monday,Social media (Facebook Instagram etc.),Home apartment /room,Alone,游뗵
2022-10-17 05:30:00,05:30:00,Monday,Social media (Facebook Instagram etc.),Home apartment /room,Alone,游뗵
2022-10-17 05:00:00,05:00:00,Monday,Social media (Facebook Instagram etc.),Home apartment /room,Alone,游뗵
2022-10-17 04:30:00,04:30:00,Monday,Social media (Facebook Instagram etc.),Home apartment /room,Alone,游뗵
2022-10-17 04:00:00,04:00:00,Monday,Social media (Facebook Instagram etc.),Home apartment /room,Alone,游뗵
2022-10-17 03:30:00,03:30:00,Monday,Social media (Facebook Instagram etc.),Home apartment /room,Alone,游뗵
2022-10-17 03:00:00,03:00:00,Monday,Social media (Facebook Instagram etc.),Home apartment /room,Alone,游뗵
2022-10-17 02:30:00,02:30:00,Monday,Social media (Facebook Instagram etc.),Home apartment /room,Alone,游뗵
2022-10-17 02:00:00,02:00:00,Monday,Social media (Facebook Instagram etc.),Home apartment /room,Alone,游뗵
2022-10-17 01:30:00,01:30:00,Monday,Social media (Facebook Instagram etc.),Home apartment /room,Alone,游뗵
2022-10-17 01:00:00,01:00:00,Monday,Social media (Facebook Instagram etc.),Home apartment /room,Alone,游뗵
2022-10-17 00:30:00,00:30:00,Monday,Social media (Facebook Instagram etc.),Home apartment /room,Alone,游뗵
2022-10-17 00:00:00,00:00:00,Monday,Social media (Facebook Instagram etc.),Home apartment /room,Alone,游뗵
2022-10-16 23:30:00,23:30:00,Sunday,Social media (Facebook Instagram etc.),Home apartment /room,Alone,游뗵
2022-10-16 23:00:00,23:00:00,Sunday,Social media (Facebook Instagram etc.),Home apartment /room,Alone,游뗵
2022-10-16 22:30:00,22:30:00,Sunday,Social media (Facebook Instagram etc.),Home apartment /room,Alone,游뗵
2022-10-16 22:00:00,22:00:00,Sunday,Social media (Facebook Instagram etc.),Home apartment /room,Alone,游뗵
2022-10-16 21:30:00,21:30:00,Sunday,Social media (Facebook Instagram etc.),Home apartment /room,Alone,游뗵
2022-10-16 21:00:00,21:00:00,Sunday,Rest/nap,Home apartment /room,Alone,游뗵
2022-10-16 20:30:00,20:30:00,Sunday,Rest/nap,Home apartment /room,Alone,游뗵
2022-10-16 20:00:00,20:00:00,Sunday,Rest/nap,Home apartment /room,Alone,游뗵
2022-10-16 19:30:00,19:30:00,Sunday,Rest/nap,Home apartment /room,Alone,游뗵
2022-10-16 19:00:00,19:00:00,Sunday,Phone/Video calling,Home apartment /room,Partner,游뗵
2022-10-16 18:30:00,18:30:00,Sunday,Rest/nap,Home apartment /room,Alone,游때
2022-10-16 18:00:00,18:00:00,Sunday,Travelling,Changing locality,On foot,NaN
2022-10-16 17:30:00,17:30:00,Sunday,Travelling,Changing locality,By bus/tram,NaN
2022-10-16 17:00:00,17:00:00,Sunday,Travelling,Changing locality,By bus/tram,NaN
2022-10-16 16:30:00,16:30:00,Sunday,Travelling,Changing locality,By bus/tram,NaN
2022-10-16 16:00:00,16:00:00,Sunday,Rest/nap,Countryside/mountain/hill/beach,Friend(s),游뗵
2022-10-16 15:30:00,15:30:00,Sunday,Break,Countryside/mountain/hill/beach,Friend(s),游뗵
2022-10-16 15:00:00,15:00:00,Sunday,Rest/nap,Countryside/mountain/hill/beach,Friend(s),游때
2022-10-16 14:30:00,14:30:00,Sunday,Rest/nap,Countryside/mountain/hill/beach,Friend(s),游때
2022-10-16 14:00:00,14:00:00,Sunday,Rest/nap,Countryside/mountain/hill/beach,Friend(s),游때
2022-10-16 13:30:00,13:30:00,Sunday,Walking,Home apartment /room,Friend(s),游때
2022-10-16 13:00:00,13:00:00,Sunday,Walking,Countryside/mountain/hill/beach,Friend(s),游때
2022-10-16 12:30:00,12:30:00,Sunday,Walking,Countryside/mountain/hill/beach,Friend(s),游때
2022-10-16 12:00:00,12:00:00,Sunday,Walking,Countryside/mountain/hill/beach,Friend(s),游때
2022-10-16 11:30:00,11:30:00,Sunday,Walking,Countryside/mountain/hill/beach,Friend(s),游때
2022-10-16 11:00:00,11:00:00,Sunday,Walking,Countryside/mountain/hill/beach,Friend(s),游때
2022-10-16 10:30:00,10:30:00,Sunday,Walking,Canteen,Friend(s),游때
2022-10-16 10:00:00,10:00:00,Sunday,Walking,Countryside/mountain/hill/beach,Friend(s),游때
2022-10-16 09:30:00,09:30:00,Sunday,Walking,Countryside/mountain/hill/beach,Friend(s),游때
2022-10-16 09:00:00,09:00:00,Sunday,Walking,Countryside/mountain/hill/beach,Friend(s),游때
2022-10-16 08:30:00,08:30:00,Sunday,Travelling,Other leisure,By bus/tram,NaN
2022-10-16 08:00:00,08:00:00,Sunday,Travelling,Other leisure,By bus/tram,NaN
2022-10-16 07:30:00,07:30:00,Sunday,Travelling,Other leisure,By bus/tram,NaN
2022-10-16 07:00:00,07:00:00,Sunday,Travelling,Other leisure,By bus/tram,NaN
2022-10-16 06:30:00,06:30:00,Sunday,Travelling,Other leisure,By bus/tram,NaN
2022-10-16 06:00:00,06:00:00,Sunday,Travelling,Other leisure,By bus/tram,NaN
2022-10-16 05:30:00,05:30:00,Sunday,Travelling,Other leisure,By bus/tram,NaN
2022-10-16 05:00:00,05:00:00,Sunday,Travelling,Other leisure,By bus/tram,NaN
2022-10-16 04:30:00,04:30:00,Sunday,Travelling,Other leisure,By bus/tram,NaN
2022-10-16 04:00:00,04:00:00,Sunday,Travelling,Other leisure,By bus/tram,NaN
2022-10-16 03:30:00,03:30:00,Sunday,Travelling,Other leisure,By bus/tram,NaN
2022-10-16 03:00:00,03:00:00,Sunday,Travelling,Other leisure,By bus/tram,NaN
2022-10-16 02:30:00,02:30:00,Sunday,Travelling,Other leisure,By bus/tram,NaN
2022-10-16 02:00:00,02:00:00,Sunday,Travelling,Other leisure,By bus/tram,NaN
2022-10-16 01:30:00,01:30:00,Sunday,Travelling,Other leisure,By bus/tram,NaN
2022-10-16 01:00:00,01:00:00,Sunday,Travelling,Other leisure,By bus/tram,NaN
2022-10-16 00:30:00,00:30:00,Sunday,Travelling,Other leisure,By bus/tram,NaN
2022-10-16 00:00:00,00:00:00,Sunday,Travelling,Other leisure,By bus/tram,NaN
2022-10-15 23:30:00,23:30:00,Saturday,Travelling,Other leisure,By bus/tram,NaN
2022-10-15 23:00:00,23:00:00,Saturday,Social media (Facebook Instagram etc.),Home apartment /room,Alone,游뗵
2022-10-15 22:30:00,22:30:00,Saturday,Social life,Home apartment /room,Roommate(s),游때
2022-10-15 22:00:00,22:00:00,Saturday,Social life,Home apartment /room,Roommate(s),游뗵
2022-10-15 21:30:00,21:30:00,Saturday,Social life,Home apartment /room,Roommate(s),游뗵
2022-10-15 21:00:00,21:00:00,Saturday,Social media (Facebook Instagram etc.),Home apartment /room,Roommate(s),游뗵
2022-10-15 20:30:00,20:30:00,Saturday,Phone/Video calling,Home apartment /room,Relative(s),游땛
2022-10-15 20:00:00,20:00:00,Saturday,Phone/Video calling,Home apartment /room,Relative(s),游땛
2022-10-15 19:30:00,19:30:00,Saturday,"Cooking, food preparation & management",Home apartment /room,Alone,游뗵
2022-10-15 19:00:00,19:00:00,Saturday,Personal care,Home apartment /room,Alone,游때
2022-10-15 18:30:00,18:30:00,Saturday,Study/work group,Home apartment /room,Alone,游뗵
2022-10-15 18:00:00,18:00:00,Saturday,Study/work group,Home apartment /room,Alone,游땛
2022-10-15 17:30:00,17:30:00,Saturday,Study/work group,Home apartment /room,Alone,游뗴
2022-10-15 17:00:00,17:00:00,Saturday,Study/work group,Home apartment /room,Alone,游뗴
2022-10-15 16:30:00,16:30:00,Saturday,Study/work group,Home apartment /room,Alone,游뗴
2022-10-15 16:00:00,16:00:00,Saturday,Did not do anything special,Home apartment /room,Alone,游
2022-10-15 15:30:00,15:30:00,Saturday,Rest/nap,Home apartment /room,Alone,游때
2022-10-15 15:00:00,15:00:00,Saturday,Sleeping,Home apartment /room,Alone,游때
2022-10-15 14:30:00,14:30:00,Saturday,"Watching TV, video, YouTube, etc.",Home apartment /room,Alone,游때
2022-10-15 14:00:00,14:00:00,Saturday,"Watching TV, video, YouTube, etc.",Home apartment /room,Alone,游뗵
2022-10-15 13:30:00,13:30:00,Saturday,"Watching TV, video, YouTube, etc.",Home apartment /room,Alone,游뗵
2022-10-15 13:00:00,13:00:00,Saturday,"Watching TV, video, YouTube, etc.",Home apartment /room,Alone,游뗵
2022-10-15 12:30:00,12:30:00,Saturday,"Watching TV, video, YouTube, etc.",Home apartment /room,Alone,游뗵
2022-10-15 12:00:00,12:00:00,Saturday,"Cooking, food preparation & management",Home apartment /room,Alone,游땛
2022-10-15 11:30:00,11:30:00,Saturday,Grocery Shopping,Grocery Shop,Alone,游땛
2022-10-15 11:00:00,11:00:00,Saturday,Study/work group,Home apartment /room,Alone,游때
2022-10-15 10:30:00,10:30:00,Saturday,Study/work group,Home apartment /room,Alone,游때
2022-10-15 10:00:00,10:00:00,Saturday,"Chat, sending e-mail",Home apartment /room,Alone,游때
2022-10-15 09:30:00,09:30:00,Saturday,Personal care,Home apartment /room,Alone,游뗵
2022-10-15 09:00:00,09:00:00,Saturday,Personal care,Home apartment /room,Alone,游뗵
2022-10-15 08:30:00,08:30:00,Saturday,Personal care,Home apartment /room,Alone,游뗵
2022-10-15 08:00:00,08:00:00,Saturday,Social media (Facebook Instagram etc.),Home apartment /room,Alone,游때
2022-10-15 07:30:00,07:30:00,Saturday,Sleeping,Home apartment /room,Alone,游때
2022-10-15 07:00:00,07:00:00,Saturday,Sleeping,Home apartment /room,Alone,游때
2022-10-15 06:30:00,06:30:00,Saturday,Sleeping,Home apartment /room,Alone,游때
2022-10-15 06:00:00,06:00:00,Saturday,Sleeping,Home apartment /room,Alone,游때
2022-10-15 05:30:00,05:30:00,Saturday,Sleeping,Home apartment /room,Alone,游때
2022-10-15 05:00:00,05:00:00,Saturday,Sleeping,Home apartment /room,Alone,游때
2022-10-15 04:30:00,04:30:00,Saturday,Sleeping,Home apartment /room,Alone,游때
2022-10-15 04:00:00,04:00:00,Saturday,Sleeping,Home apartment /room,Alone,游때
2022-10-15 03:30:00,03:30:00,Saturday,Sleeping,Home apartment /room,Alone,游때
2022-10-15 03:00:00,03:00:00,Saturday,Sleeping,Home apartment /room,Alone,游때
2022-10-15 02:30:00,02:30:00,Saturday,Sleeping,Home apartment /room,Alone,游때
2022-10-15 02:00:00,02:00:00,Saturday,Sleeping,Home apartment /room,Alone,游때
2022-10-15 01:30:00,01:30:00,Saturday,Sleeping,Home apartment /room,Alone,游때
2022-10-15 01:00:00,01:00:00,Saturday,Sleeping,Home apartment /room,Alone,游때
2022-10-15 00:30:00,00:30:00,Saturday,Sleeping,Home apartment /room,Alone,游때
2022-10-15 00:00:00,00:00:00,Saturday,Sleeping,Home apartment /room,Alone,游때
2022-10-14 23:30:00,23:30:00,Friday,Sleeping,Home apartment /room,Alone,游때
2022-10-14 23:00:00,23:00:00,Friday,Sleeping,Home apartment /room,Alone,游때
2022-10-14 22:30:00,22:30:00,Friday,Sleeping,Home apartment /room,Alone,游때
2022-10-14 22:00:00,22:00:00,Friday,Sleeping,Home apartment /room,Alone,游때
2022-10-14 21:30:00,21:30:00,Friday,"Watching TV, video, YouTube, etc.",Home apartment /room,Alone,游뗵
2022-10-14 21:00:00,21:00:00,Friday,"Watching TV, video, YouTube, etc.",Home apartment /room,Alone,游뗴
2022-10-14 20:30:00,20:30:00,Friday,"Watching TV, video, YouTube, etc.",Home apartment /room,Alone,游뗴
2022-10-14 20:00:00,20:00:00,Friday,"Watching TV, video, YouTube, etc.",Home apartment /room,Alone,游뗴
2022-10-14 19:30:00,19:30:00,Friday,"Watching TV, video, YouTube, etc.",Home apartment /room,Alone,游뗴
2022-10-14 19:00:00,19:00:00,Friday,Personal care,Home apartment /room,Alone,游때
2022-10-14 18:30:00,18:30:00,Friday,"Watching TV, video, YouTube, etc.",Home apartment /room,Alone,游뗵
2022-10-14 18:00:00,18:00:00,Friday,Did not do anything special,Home apartment /room,Alone,游뗵
2022-10-14 17:30:00,17:30:00,Friday,Did not do anything special,Home apartment /room,Alone,游뗵
2022-10-14 17:00:00,17:00:00,Friday,Did not do anything special,Home apartment /room,Alone,游뗵
2022-10-14 16:30:00,16:30:00,Friday,Travelling,Other leisure,On foot,NaN
2022-10-14 16:00:00,16:00:00,Friday,Travelling,Other leisure,On foot,NaN
2022-10-14 15:30:00,15:30:00,Friday,Travelling,Other leisure,On foot,NaN
2022-10-14 15:00:00,15:00:00,Friday,Travelling,Other leisure,On foot,NaN
2022-10-14 14:30:00,14:30:00,Friday,Personal care,Home apartment /room,Alone,游때
2022-10-14 14:00:00,14:00:00,Friday,Personal care,Home apartment /room,Alone,游때
2022-10-14 13:30:00,13:30:00,Friday,Rest/nap,Home apartment /room,Alone,游때
2022-10-14 13:00:00,13:00:00,Friday,Household and family care,Home apartment /room,Alone,游때
2022-10-14 12:30:00,12:30:00,Friday,"Cooking, food preparation & management",Home apartment /room,Alone,游때
2022-10-14 12:00:00,12:00:00,Friday,"Cooking, food preparation & management",Home apartment /room,Alone,游때
2022-10-14 11:30:00,11:30:00,Friday,"Cooking, food preparation & management",Home apartment /room,Alone,游때
2022-10-14 11:00:00,11:00:00,Friday,"Cooking, food preparation & management",Home apartment /room,Alone,游때
2022-10-14 10:30:00,10:30:00,Friday,"Cooking, food preparation & management",Home apartment /room,Alone,游때
2022-10-14 10:00:00,10:00:00,Friday,Household and family care,Home apartment /room,Alone,游때
2022-10-14 09:30:00,09:30:00,Friday,Household and family care,Home apartment /room,Alone,游때
2022-10-14 09:00:00,09:00:00,Friday,Household and family care,Home apartment /room,Alone,游때
2022-10-14 08:30:00,08:30:00,Friday,Household and family care,Home apartment /room,Alone,游때
2022-10-14 08:00:00,08:00:00,Friday,Household and family care,Home apartment /room,Alone,游때
2022-10-14 07:30:00,07:30:00,Friday,Household and family care,Home apartment /room,Alone,游때
2022-10-14 07:00:00,07:00:00,Friday,Household and family care,Home apartment /room,Alone,游때
2022-10-14 06:30:00,06:30:00,Friday,Household and family care,Home apartment /room,Alone,游때
2022-10-14 06:00:00,06:00:00,Friday,Household and family care,Home apartment /room,Alone,游때
2022-10-14 05:30:00,05:30:00,Friday,Household and family care,Home apartment /room,Alone,游때
2022-10-14 05:00:00,05:00:00,Friday,Household and family care,Home apartment /room,Alone,游때
2022-10-14 04:30:00,04:30:00,Friday,Household and family care,Home apartment /room,Alone,游때
2022-10-14 04:00:00,04:00:00,Friday,Household and family care,Home apartment /room,Alone,游때
2022-10-14 03:30:00,03:30:00,Friday,Household and family care,Home apartment /room,Alone,游때
2022-10-14 03:00:00,03:00:00,Friday,Household and family care,Home apartment /room,Alone,游때
2022-10-14 02:30:00,02:30:00,Friday,Household and family care,Home apartment /room,Alone,游때
2022-10-14 02:00:00,02:00:00,Friday,Household and family care,Home apartment /room,Alone,游때
2022-10-14 01:30:00,01:30:00,Friday,Household and family care,Home apartment /room,Alone,游때
2022-10-14 01:00:00,01:00:00,Friday,Household and family care,Home apartment /room,Alone,游때
2022-10-14 00:30:00,00:30:00,Friday,Household and family care,Home apartment /room,Alone,游때
2022-10-14 00:00:00,00:00:00,Friday,Household and family care,Home apartment /room,Alone,游때
2022-10-13 23:30:00,23:30:00,Thursday,Household and family care,Home apartment /room,Alone,游때
2022-10-13 23:00:00,23:00:00,Thursday,Household and family care,Home apartment /room,Alone,游때
2022-10-13 22:30:00,22:30:00,Thursday,Personal care,Home apartment /room,Alone,游때
2022-10-13 22:00:00,22:00:00,Thursday,Social media (Facebook Instagram etc.),Home apartment /room,Alone,游때
2022-10-13 21:30:00,21:30:00,Thursday,Social media (Facebook Instagram etc.),Home apartment /room,Alone,游뗵
2022-10-13 21:00:00,21:00:00,Thursday,Did not do anything special,Home apartment /room,Alone,游때
2022-10-13 20:30:00,20:30:00,Thursday,Did not do anything special,Home apartment /room,Alone,游때
2022-10-13 20:00:00,20:00:00,Thursday,Travelling,Study,By bus/tram,NaN
2022-10-13 19:30:00,19:30:00,Thursday,Lecture/seminar/conference/university meeting,Classroom / Study hall,Classmate(s),游땛
2022-10-13 19:00:00,19:00:00,Thursday,Lecture/seminar/conference/university meeting,Classroom / Study hall,Classmate(s),游뗵
2022-10-13 18:30:00,18:30:00,Thursday,Lecture/seminar/conference/university meeting,Classroom / Study hall,Classmate(s),游뗵
2022-10-13 18:00:00,18:00:00,Thursday,Lecture/seminar/conference/university meeting,Classroom / Study hall,Classmate(s),游뗵
2022-10-13 17:30:00,17:30:00,Thursday,Lecture/seminar/conference/university meeting,Classroom / Study hall,Classmate(s),游뗵
2022-10-13 17:00:00,17:00:00,Thursday,Lecture/seminar/conference/university meeting,Classroom / Study hall,Classmate(s),游뗵
2022-10-13 16:30:00,16:30:00,Thursday,Lecture/seminar/conference/university meeting,Classroom / Study hall,Classmate(s),游뗵
2022-10-13 16:00:00,16:00:00,Thursday,Lecture/seminar/conference/university meeting,Classroom / Study hall,Classmate(s),游뗵
2022-10-13 15:30:00,15:30:00,Thursday,Travelling,Study,By bus/tram,NaN
2022-10-13 15:00:00,15:00:00,Thursday,Personal care,Home apartment /room,Alone,游때
2022-10-13 14:30:00,14:30:00,Thursday,Rest/nap,Home apartment /room,Alone,游때
2022-10-13 14:00:00,14:00:00,Thursday,Rest/nap,Home apartment /room,Alone,游때
2022-10-13 13:30:00,13:30:00,Thursday,Rest/nap,Home apartment /room,Alone,游때
2022-10-13 13:00:00,13:00:00,Thursday,Rest/nap,Home apartment /room,Alone,游때
2022-10-13 12:30:00,12:30:00,Thursday,Rest/nap,Home apartment /room,Alone,游때
2022-10-13 12:00:00,12:00:00,Thursday,"Cooking, food preparation & management",Home apartment /room,Alone,游때
2022-10-13 11:30:00,11:30:00,Thursday,"Cooking, food preparation & management",Home apartment /room,Alone,游때
2022-10-13 11:00:00,11:00:00,Thursday,"Cooking, food preparation & management",Home apartment /room,Alone,游때
2022-10-13 10:30:00,10:30:00,Thursday,"Cooking, food preparation & management",Home apartment /room,Alone,游때
2022-10-13 10:00:00,10:00:00,Thursday,"Cooking, food preparation & management",Home apartment /room,Alone,游때
2022-10-13 09:30:00,09:30:00,Thursday,Personal care,Home apartment /room,Alone,游때
2022-10-13 09:00:00,09:00:00,Thursday,Personal care,Home apartment /room,Alone,游때
2022-10-13 08:30:00,08:30:00,Thursday,Social media (Facebook Instagram etc.),Home apartment /room,Alone,游뗵
2022-10-13 08:00:00,08:00:00,Thursday,Social media (Facebook Instagram etc.),Home apartment /room,Alone,游뗵
2022-10-13 07:30:00,07:30:00,Thursday,Social media (Facebook Instagram etc.),Home apartment /room,Alone,游뗵
2022-10-13 07:00:00,07:00:00,Thursday,Social media (Facebook Instagram etc.),Home apartment /room,Alone,游뗵
2022-10-13 06:30:00,06:30:00,Thursday,Social media (Facebook Instagram etc.),Home apartment /room,Alone,游뗵
2022-10-13 06:00:00,06:00:00,Thursday,Social media (Facebook Instagram etc.),Home apartment /room,Alone,游뗵
2022-10-13 05:30:00,05:30:00,Thursday,Social media (Facebook Instagram etc.),Home apartment /room,Alone,游뗵
2022-10-13 05:00:00,05:00:00,Thursday,Social media (Facebook Instagram etc.),Home apartment /room,Alone,游뗵
2022-10-13 04:30:00,04:30:00,Thursday,Social media (Facebook Instagram etc.),Home apartment /room,Alone,游뗵
2022-10-13 04:00:00,04:00:00,Thursday,Social media (Facebook Instagram etc.),Home apartment /room,Alone,游뗵
2022-10-13 03:30:00,03:30:00,Thursday,Social media (Facebook Instagram etc.),Home apartment /room,Alone,游뗵
2022-10-13 03:00:00,03:00:00,Thursday,Social media (Facebook Instagram etc.),Home apartment /room,Alone,游뗵
2022-10-13 02:30:00,02:30:00,Thursday,Social media (Facebook Instagram etc.),Home apartment /room,Alone,游뗵
2022-10-13 02:00:00,02:00:00,Thursday,Social media (Facebook Instagram etc.),Home apartment /room,Alone,游뗵
2022-10-13 01:30:00,01:30:00,Thursday,Social media (Facebook Instagram etc.),Home apartment /room,Alone,游뗵
2022-10-13 01:00:00,01:00:00,Thursday,Social media (Facebook Instagram etc.),Home apartment /room,Alone,游뗵
2022-10-13 00:30:00,00:30:00,Thursday,Social media (Facebook Instagram etc.),Home apartment /room,Alone,游뗵
2022-10-13 00:00:00,00:00:00,Thursday,Social media (Facebook Instagram etc.),Home apartment /room,Alone,游뗵
2022-10-12 23:30:00,23:30:00,Wednesday,Social media (Facebook Instagram etc.),Home apartment /room,Alone,游뗵
2022-10-12 23:00:00,23:00:00,Wednesday,Social media (Facebook Instagram etc.),Home apartment /room,Alone,游뗵
2022-10-12 22:30:00,22:30:00,Wednesday,Social media (Facebook Instagram etc.),Home apartment /room,Alone,游뗵
2022-10-12 22:00:00,22:00:00,Wednesday,Social media (Facebook Instagram etc.),Home apartment /room,Alone,游뗵
2022-10-12 21:30:00,21:30:00,Wednesday,Personal care,Home apartment /room,Alone,游때
2022-10-12 21:00:00,21:00:00,Wednesday,Phone/Video calling,Home apartment /room,Relative(s),游때
2022-10-12 20:30:00,20:30:00,Wednesday,Phone/Video calling,Home apartment /room,Relative(s),游때
2022-10-12 20:00:00,20:00:00,Wednesday,Social life,Home apartment /room,Roommate(s),游뗵
2022-10-12 19:30:00,19:30:00,Wednesday,Social life,Home apartment /room,Roommate(s),游뗵
2022-10-12 19:00:00,19:00:00,Wednesday,Rest/nap,Home apartment /room,Alone,游때
2022-10-12 18:30:00,18:30:00,Wednesday,Rest/nap,Home apartment /room,Alone,游때
2022-10-12 18:00:00,18:00:00,Wednesday,Rest/nap,Home apartment /room,Alone,游때
2022-10-12 17:30:00,17:30:00,Wednesday,Rest/nap,Home apartment /room,Alone,游때
2022-10-12 17:00:00,17:00:00,Wednesday,Travelling,Study,By bus/tram,NaN
2022-10-12 16:30:00,16:30:00,Wednesday,Break,"Caf칠, pub, bar",Friend(s),游때
2022-10-12 16:00:00,16:00:00,Wednesday,Break,"Caf칠, pub, bar",Friend(s),游때
2022-10-12 15:30:00,15:30:00,Wednesday,Break,"Caf칠, pub, bar",Friend(s),游때
2022-10-12 15:00:00,15:00:00,Wednesday,Break,"Caf칠, pub, bar",Friend(s),游때
2022-10-12 14:30:00,14:30:00,Wednesday,Break,"Caf칠, pub, bar",Friend(s),游때
2022-10-12 14:00:00,14:00:00,Wednesday,Break,"Caf칠, pub, bar",Friend(s),游때
2022-10-12 13:30:00,13:30:00,Wednesday,Rest/nap,Home apartment /room,Alone,游뗵
2022-10-12 13:00:00,13:00:00,Wednesday,Rest/nap,Home apartment /room,Alone,游뗵
2022-10-12 12:30:00,12:30:00,Wednesday,Rest/nap,Home apartment /room,Alone,游뗵
2022-10-12 12:00:00,12:00:00,Wednesday,"Cooking, food preparation & management",Home apartment /room,Alone,游뗵
2022-10-12 11:30:00,11:30:00,Wednesday,"Cooking, food preparation & management",Home apartment /room,Alone,游뗵
2022-10-12 11:00:00,11:00:00,Wednesday,"Cooking, food preparation & management",Home apartment /room,Alone,游뗵
2022-10-12 10:30:00,10:30:00,Wednesday,"Cooking, food preparation & management",Home apartment /room,Alone,游뗵
2022-10-12 10:00:00,10:00:00,Wednesday,"Cooking, food preparation & management",Home apartment /room,Alone,游뗵
2022-10-12 09:30:00,09:30:00,Wednesday,Lecture/seminar/conference/university meeting,Classroom / Study hall,Classmate(s),游뗵
2022-10-12 09:00:00,09:00:00,Wednesday,Lecture/seminar/conference/university meeting,Classroom / Study hall,Classmate(s),游뗵
2022-10-12 08:30:00,08:30:00,Wednesday,Walking,In the street,Alone,游뗵
2022-10-12 08:00:00,08:00:00,Wednesday,Walking,In the street,Alone,游뗵
2022-10-12 07:30:00,07:30:00,Wednesday,Walking,In the street,Alone,游뗵
2022-10-12 07:00:00,07:00:00,Wednesday,Walking,In the street,Alone,游뗵
2022-10-12 06:30:00,06:30:00,Wednesday,Walking,In the street,Alone,游뗵
2022-10-12 06:00:00,06:00:00,Wednesday,Walking,In the street,Alone,游뗵
2022-10-12 05:30:00,05:30:00,Wednesday,Walking,In the street,Alone,游뗵
2022-10-12 05:00:00,05:00:00,Wednesday,Walking,In the street,Alone,游뗵
2022-10-12 04:30:00,04:30:00,Wednesday,Walking,In the street,Alone,游뗵
2022-10-12 04:00:00,04:00:00,Wednesday,Walking,In the street,Alone,游뗵
2022-10-12 03:30:00,03:30:00,Wednesday,Walking,In the street,Alone,游뗵
2022-10-12 03:00:00,03:00:00,Wednesday,Walking,In the street,Alone,游뗵
2022-10-12 02:30:00,02:30:00,Wednesday,Walking,In the street,Alone,游뗵
2022-10-12 02:00:00,02:00:00,Wednesday,Walking,In the street,Alone,游뗵
2022-10-12 01:30:00,01:30:00,Wednesday,Walking,In the street,Alone,游뗵
2022-10-12 01:00:00,01:00:00,Wednesday,Walking,In the street,Alone,游뗵
2022-10-12 00:30:00,00:30:00,Wednesday,Walking,In the street,Alone,游뗵
2022-10-12 00:00:00,00:00:00,Wednesday,Walking,In the street,Alone,游뗵
2022-10-11 23:30:00,23:30:00,Tuesday,Walking,In the street,Alone,游뗵
2022-10-11 23:00:00,23:00:00,Tuesday,Walking,In the street,Alone,游뗵
2022-10-11 22:30:00,22:30:00,Tuesday,Break,Home apartment /room,Alone,游뗵
2022-10-11 22:00:00,22:00:00,Tuesday,Personal care,Home apartment /room,Alone,游때
2022-10-11 21:30:00,21:30:00,Tuesday,Social life,"Caf칠, pub, bar",Friend(s),游뗵
2022-10-11 21:00:00,21:00:00,Tuesday,Social life,"Caf칠, pub, bar",Friend(s),游때
2022-10-11 20:30:00,20:30:00,Tuesday,Social life,"Caf칠, pub, bar",Friend(s),游뗵
2022-10-11 20:00:00,20:00:00,Tuesday,Happy Hour/Drinking/Party,"Caf칠, pub, bar",Friend(s),游때
2022-10-11 19:30:00,19:30:00,Tuesday,Happy Hour/Drinking/Party,"Caf칠, pub, bar",Friend(s),游때
2022-10-11 19:00:00,19:00:00,Tuesday,Happy Hour/Drinking/Party,Home apartment /room,Friend(s),游때
2022-10-11 18:30:00,18:30:00,Tuesday,Walking,"Caf칠, pub, bar",Friend(s),游때
2022-10-11 18:00:00,18:00:00,Tuesday,Personal care,Home apartment /room,Alone,游뗵
2022-10-11 17:30:00,17:30:00,Tuesday,Study/work group,Home apartment /room,Roommate(s),游뗵
2022-10-11 17:00:00,17:00:00,Tuesday,Study/work group,Home apartment /room,Alone,游뗵
2022-10-11 16:30:00,16:30:00,Tuesday,Study/work group,Home apartment /room,Alone,游뗵
2022-10-11 16:00:00,16:00:00,Tuesday,Study/work group,Home apartment /room,Alone,游뗵
2022-10-11 15:30:00,15:30:00,Tuesday,Study/work group,Home apartment /room,Alone,游뗵
2022-10-11 15:00:00,15:00:00,Tuesday,Study/work group,Home apartment /room,Alone,游뗵
2022-10-11 14:30:00,14:30:00,Tuesday,Walking,In the street,Alone,游뗵
2022-10-11 14:00:00,14:00:00,Tuesday,Walking,In the street,Alone,游뗵
2022-10-11 13:30:00,13:30:00,Tuesday,Travelling,Work,By bus/tram,NaN
2022-10-11 13:00:00,13:00:00,Tuesday,Rest/nap,Home apartment /room,Alone,游뗵
2022-10-11 12:30:00,12:30:00,Tuesday,Rest/nap,Home apartment /room,Alone,游때
2022-10-11 12:00:00,12:00:00,Tuesday,Rest/nap,Home apartment /room,Alone,游때
2022-10-11 11:30:00,11:30:00,Tuesday,"Cooking, food preparation & management",Home apartment /room,Alone,游때
2022-10-11 11:00:00,11:00:00,Tuesday,Break,Home apartment /room,Alone,游뗵
2022-10-11 10:30:00,10:30:00,Tuesday,Study/work group,Home garden/patio/courtyard,Alone,游뗵
2022-10-11 10:00:00,10:00:00,Tuesday,Study/work group,Home apartment /room,Alone,游뗵
2022-10-11 09:30:00,09:30:00,Tuesday,Personal care,Home apartment /room,Alone,游때
2022-10-11 09:00:00,09:00:00,Tuesday,Personal care,Home apartment /room,Alone,游때
2022-10-11 08:30:00,08:30:00,Tuesday,Social media (Facebook Instagram etc.),Home apartment /room,Roommate(s),游뗵
2022-10-11 08:00:00,08:00:00,Tuesday,Did not do anything special,Home apartment /room,Roommate(s),游땛
2022-10-11 07:30:00,07:30:00,Tuesday,Did not do anything special,Home apartment /room,Roommate(s),游땛
2022-10-11 07:00:00,07:00:00,Tuesday,Did not do anything special,Home apartment /room,Roommate(s),游땛
2022-10-11 06:30:00,06:30:00,Tuesday,Did not do anything special,Home apartment /room,Roommate(s),游땛
2022-10-11 06:00:00,06:00:00,Tuesday,Did not do anything special,Home apartment /room,Roommate(s),游땛
2022-10-11 05:30:00,05:30:00,Tuesday,Did not do anything special,Home apartment /room,Roommate(s),游땛
2022-10-11 05:00:00,05:00:00,Tuesday,Did not do anything special,Home apartment /room,Roommate(s),游땛
2022-10-11 04:30:00,04:30:00,Tuesday,Did not do anything special,Home apartment /room,Roommate(s),游땛
2022-10-11 04:00:00,04:00:00,Tuesday,Did not do anything special,Home apartment /room,Roommate(s),游땛
2022-10-11 03:30:00,03:30:00,Tuesday,Did not do anything special,Home apartment /room,Roommate(s),游땛
2022-10-11 03:00:00,03:00:00,Tuesday,Did not do anything special,Home apartment /room,Roommate(s),游땛
2022-10-11 02:30:00,02:30:00,Tuesday,Did not do anything special,Home apartment /room,Roommate(s),游땛
2022-10-11 02:00:00,02:00:00,Tuesday,Did not do anything special,Home apartment /room,Roommate(s),游땛
2022-10-11 01:30:00,01:30:00,Tuesday,Did not do anything special,Home apartment /room,Roommate(s),游땛
2022-10-11 01:00:00,01:00:00,Tuesday,Did not do anything special,Home apartment /room,Roommate(s),游땛
2022-10-11 00:30:00,00:30:00,Tuesday,Did not do anything special,Home apartment /room,Roommate(s),游땛
2022-10-11 00:00:00,00:00:00,Tuesday,Did not do anything special,Home apartment /room,Roommate(s),游땛
2022-10-10 23:30:00,23:30:00,Monday,Did not do anything special,Home apartment /room,Roommate(s),游땛
2022-10-10 23:00:00,23:00:00,Monday,Did not do anything special,Home apartment /room,Roommate(s),游땛
2022-10-10 22:00:00,22:00:00,Monday,"Watching TV, video, YouTube, etc.",Home apartment /room,Alone,游뗵
2022-10-10 21:30:00,21:30:00,Monday,Phone/Video calling,Home apartment /room,Partner,游때
2022-10-10 21:00:00,21:00:00,Monday,Social life,Home apartment /room,Roommate(s),游뗵
2022-10-10 20:30:00,20:30:00,Monday,Social life,Home apartment /room,Roommate(s),游뗵
2022-10-10 20:00:00,20:00:00,Monday,Personal care,Home apartment /room,Alone,游때
2022-10-10 19:30:00,19:30:00,Monday,Walking,In the street,Relative(s),游뗵
2022-10-10 19:00:00,19:00:00,Monday,Walking,In the street,Relative(s),游뗵
2022-10-10 18:30:00,18:30:00,Monday,Walking,In the street,Relative(s),游뗵
2022-10-10 18:00:00,18:00:00,Monday,Walking,In the street,Relative(s),游뗵
2022-10-10 17:30:00,17:30:00,Monday,Walking,In the street,Relative(s),游뗵
2022-10-10 17:00:00,17:00:00,Monday,Walking,In the street,Relative(s),游뗵
2022-10-10 16:30:00,16:30:00,Monday,Travelling,Study,By bus/tram,NaN
2022-10-10 16:00:00,16:00:00,Monday,Travelling,Study,By bus/tram,NaN
2022-10-10 15:30:00,15:30:00,Monday,Break,Home apartment /room,Alone,游뗵
2022-10-10 15:00:00,15:00:00,Monday,Break,Home apartment /room,Alone,游뗵
2022-10-10 14:30:00,14:30:00,Monday,Break,Home apartment /room,Alone,游뗵
2022-10-10 14:00:00,14:00:00,Monday,Break,Home apartment /room,Alone,游뗵
2022-10-10 13:30:00,13:30:00,Monday,Break,Home apartment /room,Alone,游뗵
2022-10-10 13:00:00,13:00:00,Monday,Rest/nap,Home apartment /room,Roommate(s),游땛
2022-10-10 12:30:00,12:30:00,Monday,Rest/nap,Home apartment /room,Roommate(s),游땛
2022-10-10 12:00:00,12:00:00,Monday,Rest/nap,Home apartment /room,Roommate(s),游땛
2022-10-10 11:30:00,11:30:00,Monday,"Cooking, food preparation & management",Home apartment /room,Roommate(s),游뗵
2022-10-10 11:00:00,11:00:00,Monday,"Cooking, food preparation & management",Home apartment /room,Roommate(s),游때
2022-10-10 10:30:00,10:30:00,Monday,"Cooking, food preparation & management",Home apartment /room,Roommate(s),游때
2022-10-10 10:00:00,10:00:00,Monday,Travelling,Study,By bus/tram,NaN
2022-10-10 09:30:00,09:30:00,Monday,Travelling,Study,By train,NaN
